{
  "produits": [
    {
      "id": "1",
      "nom": "HP Victus",
      "prix": "2700dt",
      "categId": "PC",
      "image": "assets/victus.png",
      "description": "-Strorage: 500GB SDD   -RAM: 8GB NVME -Processor: Ryzen 7 5500 H"
    },
    {
      "id": "2",
      "nom": "Mac",
      "image": "assets/mac.png",
      "prix": "5000",
      "description": "Good",
      "categId": "PC"
    },
    {
      "id": "3",
      "nom": "msiKattana",
      "image": "assets/msikattana.webp",
      "prix": "5000",
      "description": "Good",
      "categId": "PC"
    }
  ]
}