{
    "produits":[
    {  "id":"1",
        "nom":"HP Victus",
        "prix":"2700dt",
        "categId":"PC",
        "image":"assets/victus.png",
        "description":"-Strorage: 500GB SDD   -RAM: 8GB NVME -Processor: Ryzen 7 5500 H"
    },
    {  "id":"2",
        "nom":"MAC",
        "prix":"7000dt",
        "categId":"PC",
        "image":"assets/mac.png",
        "description":"-Strorage: 500GB SDD   -RAM: 8GB NVME -Processor: Ryzen 7 5500 H"
    },
    {  "id":"3",
        "nom":"MSI Kattana",
        "prix":"6500dt",
        "categId":"PC",
        "image":"assets/msikattana.webp",
        "description":"-Strorage: 500GB SDD   -RAM: 8GB NVME -Processor: Ryzen 7 5500 H"
    }

      
    ]
}